<?xml version="1.0" encoding="UTF-8"?>
<clients>
  <client id="1">
    <nom>Kouadio Yao</nom>
    <email>kouadio.yao@exemple.ci</email>
    <abonnements>
      <abonnement id="7">
        <offre_id>2</offre_id>
        <date_debut>2025-04-01</date_debut>
        <date_fin>2025-06-01</date_fin>
        <paiements>
        </paiements>
      </abonnement>
      <abonnement id="1">
        <offre_id>3</offre_id>
        <date_debut>2025-04-01</date_debut>
        <date_fin>2025-07-01</date_fin>
        <paiements>
